"Data inicio","Data fim","Assunto","Descrição","Local","Nome solicitante","Telefone solicitante"
"2025-05-22 17:00:00","2025-05-22 18:00:00","Reunião de pais Silveira Brum","Reclamação de pais","E.E Silveira Brum",NULL,NULL
"2025-05-27 14:00:00","2025-05-27 15:00:00","Escola CAIC",NULL,"Secretaria de educação",NULL,NULL
"2025-05-27 18:30:00","2025-05-27 20:00:00","50 anos APAE",NULL,"APAE",NULL,NULL
"2025-05-30 09:00:00","2025-05-30 10:30:00","Prestação de contas",NULL,"Câmara",NULL,NULL
"2025-06-07 15:00:00","2025-06-07 18:00:00","Festa junina Valdivino",NULL,"Valdivino",NULL,NULL
"2025-06-03 11:00:00","2025-06-03 12:00:00","RADIO MURIAE",NULL,"RADIO MURIAE",NULL,NULL
"2025-06-03 17:00:00","2025-06-03 18:00:00","ORATORIA PAMELA",NULL,"PAMELA",NULL,NULL
"2025-06-03 19:00:00","2025-06-03 19:30:00","EXPOSIÇÃO ECOLOGICA",NULL,"TEATRO ZACARIAS MARQUES",NULL,NULL
"2025-06-03 13:00:00","2025-06-03 14:00:00","VISITA ESCOLA PORTO",NULL,"ESCOLA PORTO",NULL,NULL
"2025-06-04 08:00:00","2025-06-04 10:00:00","REUNIÃO BRUNO HSP",NULL,"HSP",NULL,NULL
"2025-06-04 10:00:00","2025-06-04 12:00:00","REUNIÃO DR GENIR E COLETIVO",NULL,"DEMUTRAN",NULL,NULL
"2025-06-04 16:00:00","2025-06-04 17:00:00","SALÃO CABELO",NULL,NULL,NULL,NULL
"2025-06-04 19:00:00","2025-06-04 21:00:00","ORDEM DO MERITO CHICO MENDES",NULL,"FAMINAS",NULL,NULL
"2025-06-05 08:00:00","2025-06-05 09:00:00","ABRAÇO DO HORTO",NULL,"HORTO FLORESTAL",NULL,NULL
"2025-06-05 19:00:00","2025-06-05 21:00:00","ABERTURA GASTRONOMIA NA SERRA",NULL,"PIRAPANEMA",NULL,NULL
"2025-06-07 09:00:00","2025-06-07 10:00:00","FESTA JUNINA E M PROFESSORA STELLA FIDELIS",NULL,"E M PROFESSORA STELLA FIDELIS",NULL,NULL
"2025-06-13 18:00:00","2025-06-13 19:00:00","FESTA JUNINA PLANALTO",NULL,"PLANALTO",NULL,NULL
"2025-06-27 19:00:00","2025-06-27 20:00:00","ARRAIA DO LAR OZANAN",NULL,"PLANALTO",NULL,NULL
"2025-06-02 09:30:00","2025-06-02 10:30:00","REUNIÃO CHICÃO E MARCELO",NULL,"CAMARA",NULL,NULL
"2025-06-02 14:00:00","2025-06-02 15:00:00","REGINALDO LOPES ONLINE",NULL,"ZOOM",NULL,NULL
"2025-06-02 18:30:00","2025-06-02 21:00:00","REUNIÃO ORDINARIA",NULL,"CAMARA",NULL,NULL
"2025-06-05 14:00:00","2025-06-05 17:00:00","REUNIÃO NOVOS VEREADORES",NULL,"MURIAE",NULL,NULL
"2025-06-25 19:00:00","2025-06-25 20:00:00","ABERTURA EXPO MURIAE",NULL,NULL,NULL,NULL
"2025-06-11 12:00:00","2025-06-11 17:00:00","SIMPOSIO DA SAUDE DA MULHER",NULL,"TEATRO ZACARIAS MARQUES",NULL,NULL
"2025-06-06 08:00:00","2025-06-06 09:00:00","AULA DE TRANSITO - PERTO DA UPA",NULL,"UPA MURIAE",NULL,NULL
"2025-06-11 08:00:00","2025-06-11 09:00:00","Reunião Drº Genir e Michel","Reunião Drº Genir e MIchel no Demutran","Demutran",NULL,NULL
"2025-06-15 09:00:00","2025-06-15 10:00:00","Encontro de Deputados e Deputadas","Encontro com Deputados e Deputadas na Câmara Municipal","Câmara Municipal",NULL,NULL
"2025-06-17 18:30:00","2025-06-17 19:30:00","Audiência Pública","Audiência Pública (Meio Ambiente) na Câmara Municipal ","Câmara Municipal",NULL,NULL
"2025-06-12 13:30:00","2025-06-12 14:30:00","Reunião Dengue","Reunião Dengue Sesc","Sesc",NULL,NULL
"2025-06-12 16:00:00","2025-06-12 17:00:00","Cabeleireiro",NULL,"Robertinho",NULL,NULL
"2025-06-13 13:30:00","2025-06-13 14:30:00","Encontro Políticas Publicas Situação de Rua",NULL,"Centro Pop",NULL,NULL
"2025-06-14 08:00:00","2025-06-14 09:00:00","Festival Paralimpico",NULL,"Rodrigão",NULL,NULL
"2025-06-25 19:00:00","2025-06-25 20:00:00","Comenda Mérito Personalidade Rural",NULL,"Faminas",NULL,NULL
"2025-06-26 13:00:00","2025-06-26 16:00:00","Reunião com Promotor Causa Animal",NULL,NULL,NULL,NULL
"2025-06-28 19:00:00","2025-06-28 20:00:00","Aniversário Abimael",NULL,NULL,NULL,NULL
"2025-06-28 19:30:00","2025-06-28 20:30:00","Arráia Bom Jesus",NULL,NULL,NULL,NULL
"2025-06-12 19:00:00","2025-06-12 22:00:00","JANTAR IGREJA",NULL,NULL,NULL,NULL
"2025-06-16 08:00:00","2025-06-16 09:00:00","Capacitação dos agentes",NULL,"Faminas (laboratório Meio Ambiente)",NULL,NULL
"2025-06-24 07:30:00","2025-06-24 08:30:00","Porta da Amil",NULL,"Amil",NULL,NULL
"2025-06-23 19:00:00","2025-06-23 20:00:00","IF Barra",NULL,"Barra",NULL,NULL
"2025-06-28 19:00:00","2025-06-28 20:00:00","Evento Vila Santa Rita",NULL,"Vila Santa Rita",NULL,NULL
"2025-06-29 12:00:00","2025-06-29 13:00:00","Feijoada Matriz São Paulo",NULL,"Matriz São Paulo",NULL,NULL
"2025-06-25 16:00:00","2025-06-25 17:00:00","Escova",NULL,"Salão da Lú",NULL,NULL
"2025-06-30 14:00:00","2025-06-30 15:00:00","1º Fórum Municipal",NULL,"Senai",NULL,NULL
"2025-07-01 08:30:00","2025-07-01 09:30:00","Revitalização PM Meio Ambiente",NULL,"5º Agrupamento do 2º Pelotão - 4º Cia PM MAmb / Rua: Iolanda Vasques de Oliveira, S/N, Gávea",NULL,NULL
"2025-07-01 10:00:00","2025-07-01 11:00:00","Reunião com assessor - Padre João",NULL,NULL,NULL,NULL
"2025-07-01 14:00:00","2025-07-01 15:00:00","Reunião de Equipe",NULL,"Gabinete",NULL,NULL
"2025-07-02 16:00:00","2025-07-02 17:00:00","Reunião Luiza",NULL,"Secretaria de Saúde",NULL,NULL
"2025-07-03 08:00:00","2025-07-03 09:00:00","Arraiá do Dioness",NULL,"AABB",NULL,NULL
"2025-07-07 13:30:00","2025-07-07 14:30:00","Visita ao cemitério ",NULL,"Macuco",NULL,NULL
"2025-07-04 19:00:00","2025-07-04 20:00:00","Lançamento do Livro - Vozes Silenciadas: Mulheres na cultura",NULL,"Teatro Zacarias ",NULL,NULL
"2025-07-05 18:00:00","2025-07-05 20:00:00","Feijoada da APAE",NULL,"Chácara do Adelmo",NULL,NULL
"2025-08-02 19:00:00","2025-08-02 20:00:00","5ª Edição Quadrilha de Muriaé",NULL,"Sesc",NULL,NULL
"2025-07-10 14:00:00","2025-07-10 14:30:00","Ir para o Vermelho",NULL,NULL,NULL,NULL
"2025-07-10 17:00:00","2025-07-10 18:00:00","Inauguração da Ubs do Vermelho",NULL,"Vermelho",NULL,NULL
"2025-07-02 15:00:00","2025-07-02 16:00:00","Reunião Sandro ",NULL,"Fundarte",NULL,NULL
"2025-07-26 08:30:00","2025-07-26 09:30:00","2º edição Viver bem no campo",NULL,"Sítio Córrego Serrano - Macuco",NULL,NULL
"2025-07-02 17:00:00","2025-07-02 18:00:00","Laboratório Municipal",NULL,"Laboratório Municipal",NULL,NULL
"2025-07-02 18:30:00","2025-07-02 19:30:00","Plenária Municipal",NULL,"Câmara Municipal",NULL,NULL
"2025-07-06 17:00:00","2025-07-06 18:00:00","Festa na roça - AMA",NULL,"Sede da AMA",NULL,NULL
"2025-07-10 13:00:00","2025-07-10 14:00:00","Arraiá do CCI",NULL,"Centro de Convivência do Idoso",NULL,NULL
"2025-07-07 08:00:00","2025-07-07 09:00:00","15º Conferência Municipal de Ass. Social",NULL,"Teatro Zacarias Marques",NULL,NULL
"2025-07-08 19:00:00","2025-07-08 20:00:00","Formatura Proerd",NULL,"Auditório Faminas",NULL,NULL
"2025-07-10 13:30:00","2025-07-10 14:30:00","Comitê da Dengue",NULL,"Sesc",NULL,NULL
"2025-07-22 08:00:00","2025-07-22 17:00:00","3ª Conferência Municipal de Políticas para as Mulheres",NULL,"Teatro Zacarias Marques",NULL,NULL
"2025-07-10 12:30:00","2025-07-10 13:00:00","Exame",NULL,NULL,NULL,NULL
"2025-07-09 08:00:00","2025-07-09 09:00:00","Visita UBS Santo Antônio e Escola Santo Antônio",NULL,"Bairro Santo Antônio",NULL,NULL
"2025-07-09 09:00:00","2025-07-09 10:00:00","Ricardo",NULL,"Câmara",NULL,NULL
"2025-07-23 19:00:00","2025-07-23 20:00:00","Honra ao mérito Tereza de Benguela",NULL,"Mercado Municipal",NULL,NULL
"2025-07-11 09:30:00","2025-07-11 10:30:00","Aniversário da Tati",NULL,NULL,NULL,NULL
"2025-07-12 15:00:00","2025-07-12 16:00:00","Escola Sebastião Laviola",NULL,NULL,NULL,NULL
"2025-07-12 16:00:00","2025-07-12 17:00:00","Escola Maria Hasterreiter",NULL,NULL,NULL,NULL
"2025-07-12 21:00:00","2025-07-12 22:00:00","Festa Porto Belo",NULL,NULL,NULL,NULL
"2025-07-14 08:00:00","2025-07-14 09:00:00","Silveira Brum na Câmara",NULL,NULL,NULL,NULL
"2025-07-14 14:30:00","2025-07-14 15:30:00","Aula",NULL,NULL,NULL,NULL
"2025-07-15 07:00:00","2025-07-15 08:00:00","Pé e Mão",NULL,NULL,NULL,NULL
"2025-07-15 14:30:00","2025-07-15 15:30:00","Aula",NULL,NULL,NULL,NULL
"2025-07-16 14:30:00","2025-07-16 15:30:00","Aula",NULL,NULL,NULL,NULL
"2025-07-17 08:00:00","2025-07-17 09:00:00","Mesa Redonda Semana Fazendeiro",NULL,"Viçosa",NULL,NULL
"2025-07-17 14:00:00","2025-07-17 15:00:00","Aula",NULL,NULL,NULL,NULL
"2025-07-18 14:30:00","2025-07-18 15:30:00","Aula",NULL,NULL,NULL,NULL
"2025-07-18 06:00:00","2025-07-18 06:30:00","Hoje é seu aniversário!!!",NULL,"Parabéns muitas felicidades e muitas bençãos sobre sua vida",NULL,NULL
"2025-07-19 07:00:00","2025-07-19 08:00:00","Dia 200",NULL,NULL,NULL,NULL
"2025-07-11 07:00:00","2025-07-11 14:00:00","Feira de Produtos Artesanais",NULL,"Praça João Pinheiro",NULL,NULL
"2025-07-19 20:00:00","2025-07-19 21:00:00","Arráia de 20 anos Comunidade Nossa Senhora de Fátima",NULL,"Gaspar",NULL,NULL
"2025-07-20 19:00:00","2025-07-20 20:00:00","Arraiá de 20 anos da Comunidade Nossa Senhora de fátima",NULL,"Gaspar",NULL,NULL
"2025-07-19 19:00:00","2025-07-19 20:00:00","VI Aniversário do monumento a maior viola caipira do mundo",NULL,"Boa Família",NULL,NULL
"2025-07-17 13:30:00","2025-07-17 16:30:00","Cras Móvel",NULL,"Gaspar - Parte de Baixo",NULL,NULL
"2025-07-15 15:00:00","2025-07-15 16:00:00","Reunião Sandro",NULL,"Fundarte",NULL,NULL
"2025-07-11 20:00:00","2025-07-11 09:00:00","10ª Amostra de Teatro ",NULL,"Teatro Zaccaria Marques",NULL,NULL
"2025-07-12 20:00:00","2025-07-12 21:00:00","Abertura da Cavalgada Belisário",NULL,"Belisário",NULL,NULL
"2025-07-13 08:00:00","2025-07-13 09:00:00","Cavalgada Belisário",NULL,"Belisário",NULL,NULL
"2025-08-16 19:00:00","2025-08-16 20:00:00","Chá dos noivos - Elisa e João Victor",NULL,"IEQ do gaspar",NULL,NULL
"2025-07-15 16:30:00","2025-07-15 19:00:00","Reunião Escola Elza Rogério",NULL,"Palestrante Sandra Maria Franklin dos santos",NULL,NULL
"2025-07-18 08:00:00","2025-07-18 09:00:00","Sandro Fundarte",NULL,"Fundarte",NULL,NULL
"2025-07-21 09:00:00","2025-07-21 10:00:00","Causa Animal",NULL,"Câmara",NULL,NULL
"2025-07-21 14:30:00","2025-07-21 15:30:00","Aula",NULL,NULL,NULL,NULL
"2025-07-21 19:00:00","2025-07-21 20:00:00","Reunião Festa ",NULL,"Itamuri",NULL,NULL
"2025-07-23 14:30:00","2025-07-23 15:30:00","Aula",NULL,NULL,NULL,NULL
"2025-07-24 14:30:00","2025-07-24 15:30:00","Aula",NULL,NULL,NULL,NULL
"2025-07-25 14:30:00","2025-07-25 15:30:00","Aula",NULL,NULL,NULL,NULL
"2025-07-26 19:00:00","2025-07-26 20:00:00","Festa Aeroporto",NULL,"Sandro",NULL,NULL
"2025-07-24 09:30:00","2025-07-24 10:30:00","Projeto da Reforma da Câmara",NULL,NULL,NULL,NULL
"2025-07-23 17:00:00","2025-07-23 18:00:00","Exposição arte por Yure Mendes",NULL,"Fundarte",NULL,NULL
"2025-07-27 08:00:00","2025-07-27 11:00:00","3º Aurráia do CCZ",NULL,"Praça São Paulo",NULL,NULL
"2025-07-21 19:00:00","2025-07-21 20:00:00","Posse dos Servidores da Educação ",NULL,"Fundarte",NULL,NULL
"2025-07-26 08:00:00","2025-07-26 12:00:00","Dia D - Causa Animal",NULL,"Praça do Trabalhador",NULL,NULL
"2025-07-28 08:00:00","2025-07-28 09:00:00","Reunião Laércio",NULL,"Gabinete",NULL,NULL
"2025-07-28 18:30:00","2025-07-28 20:00:00","Reunião Festa Itamuri",NULL,"Itamuri",NULL,NULL
"2025-07-26 16:00:00","2025-07-26 20:00:00","Arráia Grupo Atividade Física",NULL,"Praça São Paulo",NULL,NULL
"2025-07-30 19:00:00","2025-07-30 20:00:00","Reunião Festa do Gaspar",NULL,"Gaspar",NULL,NULL
"2025-07-31 09:00:00","2025-07-31 10:00:00","Julho Amarelo na Câmara",NULL,"Câmara",NULL,NULL
"2025-07-30 13:30:00","2025-07-30 16:00:00","Cras Móvel ",NULL,"Gaspar - Parte Baixa",NULL,NULL
"2025-07-31 13:30:00","2025-07-31 16:00:00","Cras Móvel ",NULL,"Pracinha do Gaspar",NULL,NULL
"2025-07-31 18:30:00","2025-07-31 20:00:00","Seleção PJ - Muriaé",NULL,"Câmara",NULL,NULL
"2025-08-04 14:00:00","2025-08-04 15:00:00","Aula ",NULL,"Auto Escola",NULL,NULL
"2025-08-04 07:00:00","2025-08-04 08:00:00","Ligar para Cristiano da Silva",NULL,NULL,NULL,NULL
"2025-08-05 11:00:00","2025-08-05 12:00:00","Rádio Muriaé",NULL,NULL,NULL,NULL
"2025-08-08 09:00:00","2025-08-08 16:00:00","Plenária Regional Câmara Municipal de Ubá",NULL,"Ubá",NULL,NULL
"2025-08-11 10:00:00","2025-08-11 12:00:00","Panfletagem ",NULL,"Agosto Lilás",NULL,NULL
"2025-08-16 19:00:00","2025-08-16 23:00:00","Festa Itamuri",NULL,"Itamuri",NULL,NULL
"2025-08-17 09:00:00","2025-08-17 23:00:00","Festa Itamuri",NULL,NULL,NULL,NULL
"2025-08-06 17:00:00","2025-08-06 18:00:00","Reunião com as vereadoras",NULL,"Boulevard",NULL,NULL
"2025-08-06 08:00:00","2025-08-06 09:00:00","Visita no Sofocó",NULL,NULL,NULL,NULL
"2025-08-06 14:00:00","2025-08-06 15:30:00","Encontro Informativo para MUlheres PAIF",NULL,"Paif São Joaquim ",NULL,NULL
"2025-08-07 07:00:00","2025-08-07 08:00:00","Projeto Cuidar Delas",NULL,"Atividade no Caps",NULL,NULL
"2025-08-07 09:00:00","2025-08-07 10:00:00","Inauguração do Laboratório de Simulação Realistica",NULL,"Faminas",NULL,NULL
"2025-08-07 15:00:00","2025-08-07 16:00:00","Visita a Casa da Mulher",NULL,NULL,NULL,NULL
"2025-08-07 19:00:00","2025-08-07 23:00:00","Aniversário Bar do Zé Neto",NULL,NULL,NULL,NULL
"2025-08-09 19:30:00","2025-08-09 20:30:00","Festa Igreja do Macuco",NULL,NULL,NULL,NULL
"2025-08-11 18:30:00","2025-08-11 23:00:00","Comenda ADV",NULL,"Câmara",NULL,NULL
"2025-08-12 13:00:00","2025-08-12 14:00:00","Amerp",NULL,"Cisleste",NULL,NULL
"2025-08-12 19:00:00","2025-08-12 22:00:00","1ª Conferência livre nacional das mulheres trabalhadoras pelo APP's",NULL,"On-line",NULL,NULL
"2025-08-08 07:00:00","2025-08-08 14:00:00","Feira de produtos artesanais",NULL,"Praça João Pinheiro",NULL,NULL
"2025-08-08 19:00:00","2025-08-08 20:00:00","Fundação Faz a Festa",NULL,"Park 116 - atrás do Economart",NULL,NULL
"2025-08-09 07:00:00","2025-08-09 11:00:00","Dia D de vacinação ",NULL,"Vacina UBS do Gaspar",NULL,NULL
"2025-08-09 19:00:00","2025-08-09 20:00:00","Fundação faz a festa",NULL,"Park 116 - atrás do Economart",NULL,NULL
"2025-08-11 08:00:00","2025-08-11 09:00:00","Café da manhã Dia dos Pais",NULL,"Câmara",NULL,NULL
"2025-08-13 09:00:00","2025-08-13 10:30:00","Encontro Informativo Mulheres do Paif",NULL,"Belisário",NULL,NULL
"2025-08-13 14:00:00","2025-08-13 15:30:00","Encontro Informativo Mulheres Paif",NULL,"Belisário",NULL,NULL
"2025-08-15 14:00:00","2025-08-15 15:00:00","Encontro Informativo Mulheres Paif",NULL,"Cras Barra",NULL,NULL
"2025-08-20 08:00:00","2025-08-20 17:00:00","1ª Conferência Municipal dos Direitos Humanos",NULL,"Teatro Zacarias Marques",NULL,NULL
"2025-08-20 09:00:00","2025-08-20 10:30:00","Encontro Informativo Mulheres Paif",NULL,"Itamuri",NULL,NULL
"2025-08-20 14:00:00","2025-08-20 15:30:00","Encontro Informativo Mulheres Paif",NULL,"Itamuri",NULL,NULL
"2025-08-21 07:00:00","2025-08-21 23:30:00","Semana Nacional da Pessoa com Deficência Intelectual e Multipla",NULL,"Apae",NULL,NULL
"2025-08-21 15:00:00","2025-08-21 16:00:00","Racismo nas escolas - Deputada Estadual Andreia de Jesus",NULL,"Memorial da Fundação Cristiano Varela",NULL,NULL
"2025-08-22 14:30:00","2025-08-22 15:30:00","Encontro Informativo Mulheres do Paif",NULL,"Cras Aeroporto",NULL,NULL
"2025-08-23 19:00:00","2025-08-23 23:30:00","Gaspar faz a Festa - 6ª Edição",NULL,"Gaspar",NULL,NULL
"2025-08-12 15:00:00","2025-08-12 16:00:00","Espetáculo de Culminância dos alunos",NULL,"Caic",NULL,NULL
"2025-08-22 08:00:00","2025-08-22 17:00:00","2º Fórum Municipal de Políticas para Pessoas em situação de Rua",NULL,"Teatro Zaccaria Marques",NULL,NULL
"2025-08-22 20:00:00","2025-08-22 21:00:00","Chácara do Adelmo",NULL,NULL,NULL,NULL
"2025-08-13 07:00:00","2025-08-13 09:00:00","Gravar vídeo Coleta de Sangue",NULL,"Prontocor",NULL,NULL
"2025-08-13 09:00:00","2025-08-13 10:00:00","Surpresa da Ivonete",NULL,"Câmara",NULL,NULL
"2025-08-13 19:00:00","2025-08-13 20:00:00","Palestra Ministro da Justiça  - Magna Advogados",NULL,"Teatro Lael Varella",NULL,NULL
"2025-08-14 10:30:00","2025-08-14 12:00:00","Panfletagem MTC",NULL,"Agosto Lilás",NULL,NULL
"2025-08-14 13:30:00","2025-08-14 14:30:00","Reunião Comitê Dengue",NULL,"Sesc",NULL,NULL
"2025-08-14 15:30:00","2025-08-14 16:30:00","Sindicato",NULL,NULL,NULL,NULL
"2025-08-15 19:00:00","2025-08-15 20:00:00","Noraldino",NULL,"Câmara",NULL,NULL
"2025-08-21 08:00:00","2025-08-21 18:00:00","3º Fórum Regional Patrimônio Cultural Muriaé",NULL,"Teatro Zaccarias Marques",NULL,NULL
"2025-08-20 16:00:00","2025-08-20 17:00:00","Reunião com a Renata",NULL,"Sala de reunião da secretaria",NULL,NULL
"2025-08-19 14:00:00","2025-08-19 15:00:00","Aula",NULL,NULL,NULL,NULL
"2025-08-19 16:30:00","2025-08-19 17:30:00","Reunião com os Vereadores",NULL,NULL,NULL,NULL
"2025-08-26 10:00:00","2025-08-26 11:00:00","Entrega dos convites",NULL,NULL,NULL,NULL
"2025-08-26 11:00:00","2025-08-26 11:00:00","Vídeo do tabagismo",NULL,NULL,NULL,NULL
"2025-08-26 14:00:00","2025-08-26 15:00:00","Ação Climatica no CTP",NULL,"CTP",NULL,NULL
"2025-08-26 15:00:00","2025-08-26 16:00:00","Video da quadrilha do Gaspar",NULL,NULL,NULL,NULL
"2025-08-27 10:00:00","2025-08-27 10:30:00","Video da Panfletagem",NULL,NULL,NULL,NULL
"2025-08-27 10:00:00","2025-08-27 10:30:00","Post projeto de Lei Fibriomialgia",NULL,NULL,NULL,NULL
"2025-08-28 08:00:00","2025-08-28 08:30:00","Vídeo do Símbolo",NULL,NULL,NULL,NULL
"2025-08-28 16:00:00","2025-08-28 16:30:00","Post projeto lei simbolo na blusa autismo",NULL,NULL,NULL,NULL
"2025-08-29 08:00:00","2025-08-29 08:30:00","Post do projeto de lei",NULL,NULL,NULL,NULL
"2025-09-02 09:00:00","2025-09-02 10:00:00","Aniversário na Câmara",NULL,"Câmara",NULL,NULL
"2025-09-02 13:30:00","2025-09-02 17:00:00","Vacinação Cães e Gatos",NULL,"Perto da Ubs do gaspar",NULL,NULL
"2025-09-02 13:00:00","2025-09-02 17:00:00","Reunião com os Vereadores",NULL,NULL,NULL,NULL
"2025-09-03 07:00:00","2025-09-03 08:00:00","Unha",NULL,NULL,NULL,NULL
"2025-09-03 10:00:00","2025-09-03 12:00:00","Sitio Adélia Cristian",NULL,NULL,NULL,NULL
"2025-09-04 10:00:00","2025-09-04 12:00:00","Parque de Exposição ",NULL,"Sindicato Rural",NULL,NULL
"2025-09-04 13:30:00","2025-09-04 14:30:00","Cras Móvel",NULL,"Parte Baixa do Gaspar",NULL,NULL
"2025-09-04 12:00:00","2025-09-04 16:00:00","Cefas",NULL,NULL,NULL,NULL
"2025-09-04 16:00:00","2025-09-04 17:00:00","Robertinho",NULL,NULL,NULL,NULL
"2025-09-04 19:00:00","2025-09-04 20:00:00","Honra ao mérito ",NULL,"Faminas",NULL,NULL
"2025-09-05 13:30:00","2025-09-05 14:30:00","Cras Móvel",NULL,"Parte Alta do gaspar",NULL,NULL
"2025-09-04 17:00:00","2025-09-04 18:00:00","Maquiagem",NULL,NULL,NULL,NULL
"2025-09-06 09:00:00","2025-09-06 10:00:00","Inauguração Ponte do Macuco",NULL,NULL,NULL,NULL
"2025-09-07 08:00:00","2025-09-07 09:00:00","Desfile 7 de Setembro",NULL,NULL,NULL,NULL
"2025-09-18 10:00:00","2025-09-18 11:00:00","Apae Natação",NULL,NULL,NULL,NULL
"2025-09-18 13:00:00","2025-09-18 14:00:00","Celiny - Fotos",NULL,NULL,NULL,NULL
"2025-09-18 17:30:00","2025-09-18 18:30:00","Inauguração do setor de tranporte da secretaria de saúde",NULL,"Rua Itagiba de oliveira, antiga Febem",NULL,NULL
"2025-09-18 11:00:00","2025-09-18 12:00:00","Almoço meninas do Posto",NULL,NULL,NULL,NULL
"2025-09-19 10:00:00","2025-09-19 11:00:00","Senhor Fernando do Gaspar",NULL,NULL,NULL,NULL
"2025-09-19 13:00:00","2025-09-19 14:00:00","Reunião com Ana Paula do CAEE",NULL,"Gabinete",NULL,NULL
"2025-09-20 08:00:00","2025-09-20 09:00:00","Festival Paralímpico ",NULL,"Rodrigão",NULL,NULL
"2025-09-20 19:00:00","2025-09-20 20:00:00","Pagodaço no Patrimônio",NULL,NULL,NULL,NULL
"2025-09-20 16:00:00","2025-09-20 17:00:00","Evento da Igreja do Pastor Stanley",NULL,NULL,NULL,NULL
"2025-10-01 08:00:00","2025-10-01 17:00:00","6ª Conferência de Juventude",NULL,"Teatro Zaccarias Marques",NULL,NULL
"2025-09-19 09:00:00","2025-09-19 10:00:00","Inauguração Capela ",NULL,"Boa Familia",NULL,NULL
"2025-09-19 10:00:00","2025-09-19 11:00:00","Inauguração Capela",NULL,"São Fernando",NULL,NULL
"2025-09-30 10:30:00","2025-09-30 11:00:00","Cabelo",NULL,NULL,NULL,NULL
"2025-09-30 14:00:00","2025-09-30 15:00:00","Audiência Pública",NULL,NULL,NULL,NULL
"2025-10-01 10:00:00","2025-10-01 11:00:00","Reunião Advogado",NULL,NULL,NULL,NULL
"2025-10-01 17:00:00","2025-10-01 18:00:00","Reunião Luiza",NULL,NULL,NULL,NULL
"2025-09-30 16:30:00","2025-09-30 17:30:00","Reunião Muriaé Prev. e Prefeitura",NULL,NULL,NULL,NULL
"2025-10-02 08:00:00","2025-10-02 09:00:00","Luciana Leite - Cirurgia Nariz",NULL,NULL,NULL,NULL
"2025-10-02 09:00:00","2025-10-02 10:00:00","Jacinto Matos - Capetinga",NULL,NULL,NULL,NULL
"2025-10-02 10:00:00","2025-10-02 11:00:00","Apae - Natação",NULL,NULL,NULL,NULL
"2025-10-03 17:30:00","2025-10-03 20:00:00","Ubs São Cristovão",NULL,NULL,NULL,NULL
"2026-05-15 09:00:00","2026-05-15 10:00:00","ANIVERSARIANTES JAN, FEV, MARÇO, ABR",NULL,"CAMARA MUNICIPAL DE MURIAE",NULL,NULL
"2026-05-15 12:00:00","2026-05-15 13:30:00","REUNIÃO DE EQUIPE ",NULL,"GABINETE",NULL,NULL
"2026-05-15 08:00:00","2026-05-15 09:00:00","REUNIÃO COM SARA MEU MANDATO",NULL,"CAMARA MUNICIPAL DE MURIAE",NULL,NULL
"2026-05-15 13:30:00","2026-05-15 15:00:00","REUNIÃO DR. GENIR",NULL,"DEMUTTRAM",NULL,NULL
"2026-05-17 08:00:00","2026-05-17 10:00:00","CORRIDA FAÇA BONITO",NULL,"GRANDE HOTEL ",NULL,NULL
"2026-05-17 09:30:00","2026-05-17 11:00:00","CAFÉ DA MANHÃ COM AS MÃES DA AMA ",NULL,"ESPAÇO GARCIA",NULL,NULL
"2026-05-16 07:30:00","2026-05-16 09:00:00","TORNEIO CAMPO OPERARIO",NULL,"SANTA TEREZINHA",NULL,NULL
"2026-05-16 14:00:00","2026-05-16 15:00:00","INAUGURAÇÃO SALÃO LUCIANA OLIVEIRA",NULL,"SALÃO LUCIANA OLIVEIRA",NULL,NULL
"2026-05-16 15:00:00","2026-05-16 17:00:00","WORKSHOP TUTORIAIS INEDITOS DE SALTOS E ACROBACIAS",NULL,"QUADRA DO TRABALHADOR ",NULL,NULL
"2026-05-21 09:00:00","2026-05-21 16:00:00","2° SIMPOSIO SAUDE ",NULL,"TEATRO BELMIRA VILAS BOAS",NULL,NULL
"2026-05-19 13:00:00","2026-05-19 15:00:00","REUNIÃO JUNTA REGULADORA ",NULL,"SESC",NULL,NULL
"2026-05-18 18:30:00","2026-05-18 22:30:00","REUNIAÕ ORDINARIA",NULL,"CAMARA MUNICIPAL DE MURIAÉ",NULL,NULL
"2026-05-19 08:30:00","2026-05-19 10:00:00","Emater - Inauguração da nova sede do escritório em Muriaé",NULL,"Centro de Desenvolvimento Empresarial - Perto do Mercado Municipal","Emater",NULL
"2026-05-16 19:00:00","2026-05-16 20:00:00","Missa na Comunidade São Judas Tadeu",NULL,"Gaspar",NULL,NULL
"2026-05-20 09:00:00","2026-05-20 10:00:00","Reunião com o Tesoureiro da câmara, para tratar de informações das diárias",NULL,"Câmara ",NULL,NULL
"2026-05-18 16:30:00","2026-05-18 18:00:00","Tarde de Recreação para as crianças - Maio Laranja",NULL,"Praça Cel. Pacheco de Medeiros",NULL,NULL
"2026-05-19 19:00:00","2026-05-19 22:00:00","Festa Comunidade Santa Rita de Cássia",NULL,"Vila Santa Rita",NULL,NULL
"2026-05-20 13:00:00","2026-05-20 14:00:00","Reunião com a Adriana do Meio Ambiente",NULL,"Secretária Meio Ambiente",NULL,NULL
"2026-05-21 18:30:00","2026-05-21 21:00:00","Audiência Pública ",NULL,"Câmara ",NULL,NULL
"2026-05-21 09:00:00","2026-05-21 09:00:00","lembrar de verificar com a janaina do paulinho se a consulta deu certo",NULL,NULL,NULL,NULL
"2026-05-27 16:00:00","2026-05-27 18:00:00","Audiência Pública Prestação de Contas",NULL,"Câmara",NULL,NULL
"2026-05-20 09:00:00","2026-05-20 10:30:00","REUNIAO EDUARDO MARGE SOBRE PL 106",NULL,NULL,NULL,NULL
"2026-05-22 19:00:00","2026-05-22 21:00:00","FESTA NA IGREJA ",NULL,"VILA SANTA RITA",NULL,NULL
"2026-05-24 08:00:00","2026-05-24 10:00:00","CAPOEIRA E CONSCIÊNCIA",NULL,"HORTO FLORESTAL",NULL,NULL
"2026-05-26 08:00:00","2026-05-26 17:00:00","CONFERENCIA MUNICIPAL DE DIREITOS DAS CRIANÇAS E ADOLESCENTES",NULL,"TEATRO ZACARIAS MARQUES",NULL,NULL
"2026-05-28 18:30:00","2026-05-28 19:30:00","MOÇÕES DE APLAUSOS",NULL,"CAMARA MUNICIPAL DE MURIAE ",NULL,NULL
"2026-05-27 10:00:00","2026-05-27 10:30:00","CESTA CHEIA AMANHA DIA 28/15/2026 ",NULL,"GASPAR",NULL,NULL
"2026-05-30 19:00:00","2026-05-30 20:30:00","RESINHA SÃO JOSÉ DE ACHIENTA",NULL,"PLANALTO",NULL,NULL
"2026-05-20 18:30:00","2026-05-20 19:30:00","ESCUTA PUBLICA REGISTRO COMO PATRIMONIO IMATERIAL DO MUNICIPIO DE MURIAÉ",NULL,"TEATRO ZACARIA MARQUES",NULL,NULL
"2026-05-19 09:00:00","2026-05-19 10:00:00","REUNIÃO ALCEMAR SOBRE MURIAÉ PREV",NULL,"Gabinete ",NULL,NULL
"2026-05-26 07:00:00","2026-05-26 08:00:00","Consulta com Dermatologista",NULL,"Sesc",NULL,NULL
"2026-05-21 14:00:00","2026-05-21 17:00:00","REUNIÃO IVONETE",NULL,"CASA DA IVONETE",NULL,NULL
"2026-05-21 19:30:00","2026-05-21 20:30:00","LANÇAMENTO LIVRO VENDAVAL DE VIDRO",NULL,"BIBLIOTECA MUNICIPAL",NULL,NULL
"2026-05-25 17:00:00","2026-05-25 18:30:00","ABERTURA DO JEMG",NULL,"RODRIGÃO",NULL,NULL
"2026-05-21 08:30:00","2026-05-21 09:30:00","CAMINHADA FAÇA BONITO VERMELHO",NULL,"DA ESCOLA MUNICIPAL PARA O CRAS",NULL,NULL
"2026-05-28 08:00:00","2026-05-28 16:00:00","12º COLEGIADO DE SAUDE MENTAL MICROREGIOES MURIAÉ E UBÁ",NULL,"TEATRO ZACARIAS MARQUES",NULL,NULL
"2026-05-21 18:00:00","2026-05-21 19:00:00","FESTA DA FAMILIA ",NULL,"AEROPORTO",NULL,NULL
"2026-05-24 14:00:00","2026-05-24 15:00:00","ENCONTRO DE ACOLHIMENTO FAMILIARES DE PESSOAS LGBTQIA+",NULL,"HORTO FLORESTAL",NULL,NULL
"2026-05-22 14:00:00","2026-05-22 15:00:00","Abertura da Feagro - Sicoob",NULL,"Na parte de baixo da Exposição ",NULL,NULL
"2026-07-04 15:00:00","2026-07-04 19:00:00","Festa na roça ","
","Escola da Valdivino - Gaspar",NULL,NULL
"2026-06-20 14:00:00","2026-06-20 17:00:00","Arraiâ do Hexa ",NULL,"Escola Elza Rogério ",NULL,NULL
"2026-06-05 19:00:00","2026-06-05 23:30:00","Gastronomia na Serra - de 05 a 07 de Junho - ",NULL,"Pirapanema ",NULL,NULL
"2026-05-27 14:30:00","2026-05-27 16:00:00","REUNIAO MEIO AMBIENTE",NULL,"HORTO",NULL,NULL
"2026-05-29 19:00:00","2026-05-29 20:30:00","85 ANOS DA BIBLIOTECA MUNICIPAL",NULL,NULL,NULL,NULL
"2026-05-29 16:00:00","2026-05-29 17:30:00","TROCA DE FIGURINHAS NA PRAÇA",NULL,NULL,NULL,NULL
"2026-06-02 13:30:00","2026-06-02 15:00:00","REUNIÃO EDUCAÇÃO - CRISTINA",NULL,NULL,NULL,NULL
"2026-05-28 07:00:00","2026-05-28 08:00:00","Consulta dermatologista",NULL,"Sesc",NULL,NULL
"2026-05-30 19:00:00","2026-05-30 20:00:00","Aniversário Vó Augusta",NULL,"Rua presidente kennedy",NULL,NULL
"2026-06-01 10:00:00","2026-06-01 12:00:00","Formalização da candidatura de Misael Varella ao Senado",NULL,"Teatro Nobre - Faminas",NULL,NULL
"2026-06-16 13:00:00","2026-06-16 14:00:00","Mês de conscientização e combate à violência contra a pessoa idosa",NULL,"Teatro Zacarias Marques - Palestra com Jeanine Severino",NULL,NULL
"2026-06-03 17:30:00","2026-06-03 18:30:00","Inauguração Praça Gerson Carneiro Melo",NULL,"Cardoso de Melo ",NULL,NULL
"2026-06-09 07:00:00","2026-06-09 08:00:00","Obra da Prainha",NULL,NULL,NULL,NULL
"2026-06-09 11:00:00","2026-06-09 12:00:00","Rádio 96 Fm",NULL,NULL,NULL,NULL
"2026-06-10 07:00:00","2026-06-10 08:00:00","Gravar vídeo no Viva Vida",NULL,"Dia 14 doação de sangue",NULL,NULL
"2026-06-10 15:00:00","2026-06-10 16:00:00","Reunião com Sandro e Victor",NULL,"Gabinete",NULL,NULL
"2026-06-11 07:00:00","2026-06-11 08:00:00","Cesta Cheia",NULL,"Gaspar",NULL,NULL
"2026-06-11 13:30:00","2026-06-11 14:30:00","Reunião Comissão Dengue",NULL,"Sesc",NULL,NULL
"2026-06-13 10:00:00","2026-06-13 12:00:00","Arraiá do Stella Fideles",NULL,"Na quadra do Aeroporto",NULL,NULL
"2026-06-14 07:00:00","2026-06-14 08:00:00","Dia de Doação de Sangue",NULL,"Viva Vida",NULL,NULL
"2026-06-20 19:00:00","2026-06-20 20:00:00","Evento 1º Celebrare",NULL,"Sesc",NULL,NULL
"2026-06-23 19:00:00","2026-06-23 20:00:00","Bingo Beneficiente ",NULL,"Comunidade São João Batista",NULL,NULL
"2026-06-25 07:00:00","2026-06-25 08:00:00","Cesta Cheia",NULL,"Gaspar",NULL,NULL
"2026-06-25 19:00:00","2026-06-25 20:00:00","Comenda do Mérito Personalidade Rural José Antonio Pereira",NULL,NULL,NULL,NULL
"2026-06-26 09:00:00","2026-06-26 10:00:00","Comemoração dos Aniversários do 2º Trimestre",NULL,"Câmara",NULL,NULL
"2026-06-27 08:30:00","2026-06-27 09:30:00","Palestra Saúde da Mulher",NULL,"Igreja",NULL,NULL
"2026-06-27 13:00:00","2026-06-27 17:00:00","Aniversário Alessandra MInervina",NULL,"Rua Doutor Newton Rezende 475",NULL,NULL
"2026-06-27 19:30:00","2026-06-27 21:00:00","Bingo Amigos dos Animais",NULL,"Itamuri",NULL,NULL
"2026-06-28 06:00:00","2026-06-28 23:30:00","Dia Internacional do Orgulho LGBTQIA+",NULL,NULL,NULL,NULL
"2026-06-11 08:30:00","2026-06-11 11:00:00","Reunião com Muriaé Prev sobre a PL 102",NULL,"Plenário da Câmara",NULL,NULL
"2026-06-12 07:00:00","2026-06-12 14:00:00","Feira de Produtos",NULL,"Praça João Pinheiro",NULL,NULL
"2026-06-13 09:00:00","2026-06-13 10:30:00","Inauguração Ponte Joaquim Innocencio da Cunha",NULL,"Pedra Negra",NULL,NULL
"2026-06-11 13:30:00","2026-06-11 14:30:00","Visita técnica",NULL,"Escola Municipal Maria Aleluia Santa terezinha",NULL,NULL
"2026-06-11 16:00:00","2026-06-11 17:00:00","Quinta da prevenção",NULL,"Praça Coronel Tiburcio na Barra",NULL,NULL
"2026-06-13 08:00:00","2026-06-13 12:00:00","Muriaé Tech",NULL,"Praça João Pinheiro",NULL,NULL
"2026-06-15 18:00:00","2026-06-15 20:00:00","Bolsa Atleta /Paratleta de Muriaé",NULL,"Grande Hotel Muriahé",NULL,NULL
"2026-06-19 19:00:00","2026-06-19 21:00:00","Chá de Bebe do Conrado",NULL,"Espaço Comemore",NULL,NULL
"2026-07-02 12:30:00","2026-07-02 17:00:00","Encontro das mulheres rurais",NULL,"Sítio Corrego Serrano",NULL,NULL
"2026-06-15 14:30:00","2026-06-15 15:30:00","Visita Coopet",NULL,"Safira",NULL,NULL
"2026-06-21 17:00:00","2026-06-21 22:00:00","Rezinha no Planalto",NULL,"Igreja José de Anchieta",NULL,NULL
"2026-06-19 17:00:00","2026-06-19 18:00:00","Inauguração Capela Mortuária Joaquim Firmino Pedrosa",NULL,"Pirapanema",NULL,NULL
"2026-06-17 17:00:00","2026-06-17 18:00:00","Inauguração Capela Mortuária José Alencar ",NULL,"Itamuri",NULL,NULL
"2026-06-20 08:00:00","2026-06-20 17:00:00","Dia D de Multivacinação",NULL,"Todas Ubs",NULL,NULL
"2026-06-20 08:00:00","2026-06-20 12:00:00","Dia D Vacinação ",NULL,"Praça João Pinheiro ",NULL,NULL
"2026-06-20 14:00:00","2026-06-20 17:00:00","A Casa de Bambas-piquenique com Capoeira",NULL,"Lagoa da Gavea",NULL,NULL
"2026-07-11 08:00:00","2026-07-11 23:30:00","Cavalgada de Belizario",NULL,"Belizario",NULL,NULL
"2026-07-12 08:00:00","2026-07-12 23:30:00","Cavalgada de Belisario",NULL,"Belisario",NULL,NULL
"2026-06-29 09:30:00","2026-06-29 12:00:00","Solenidade São Paulo",NULL,"Paróquia São Paulo",NULL,NULL
"2026-07-04 18:00:00","2026-07-04 22:00:00","Feijoada da Apae",NULL,"AABB",NULL,NULL
"2026-07-06 08:00:00","2026-07-06 17:00:00","Curso o dia todo",NULL,"Câmara",NULL,NULL
"2026-07-07 08:00:00","2026-07-07 17:00:00","Curso o dia todo",NULL,"Câmara",NULL,NULL
"2026-07-08 08:00:00","2026-07-08 17:00:00","Curso o dia todo",NULL,"Câmara",NULL,NULL
"2026-07-09 07:00:00","2026-07-09 09:00:00","Cesta Cheia",NULL,"Gaspar",NULL,NULL
"2026-07-23 07:00:00","2026-07-23 09:00:00","Cesta Cheia",NULL,"Gaspar",NULL,NULL
